id;matricule;nom;prenoms;sexe;situation_matrimoniale;date_parcours_debut;date_parcours_fin
1;navigating;bandwidth navigate Somalie;calculate;M;MARIE;2022-06-17;2022-06-17
2;b;Vision-oriented c;Sports Grenade RSS;F;CONCUBINAGE;2022-06-17;2022-06-17
3;Riel c;Home;alarm;F;CONCUBINAGE;2022-06-17;2022-06-16
4;Administrateur;Verde;pink matrix a;M;CONCUBINAGE;2022-06-17;2022-06-17
5;capacity Maurice;connect Berkshire Producteur;payment invoice;F;SEUL;2022-06-16;2022-06-17
6;Wooden c;Fish synthesizing supply-chains;withdrawal Account markets;M;MARIE;2022-06-17;2022-06-17
7;indigo;FTP tan Malte;Account Gloves knowledge;F;CONCUBINAGE;2022-06-17;2022-06-17
8;logistical;JSON web-enabled Incredible;invoice;M;FIANCE;2022-06-17;2022-06-17
9;COM Persevering;out-of-the-box;orchid;M;CONCUBINAGE;2022-06-17;2022-06-17
10;Shoes;1080p;Architecte c d'Abbeville;M;FIANCE;2022-06-16;2022-06-17
